Samples,BDO,VEL,SUB,BAL,TIS
ANI_01dl,0,0,0,0,0
ANI_02dl,0,0,0,0,0
BLA_01dl,0,0,0,0,0
BRE_01tl,0,0,0,0,0
BRE_02tl,0,0,0,0,0
BRE_03tl,0,0,0,0,0
BRE_04tl,0,0,0,0,0
BRE_05tl,0,0,0,0,0
BRE_06tl,0,0,0,0,0
BRE_07tl,0,0,0,0,0
BRE_08tl,0,0,0,0,0
BZD_01tl,0,0,0,0,0
BZD_02tl,0,0,0,0,0
BZD_03tl,0,0,0,0,0
BZD_04tl,0,0,0,0,0
BZD_05tl,0,0,0,0,0
BZD_06tl,0,0,0,0,0
BZD_07tl,0,0,0,0,0
BZD_08tl,0,0,0,0,0
CHE_01dl,0,0,0,0,0
FRE_01tl,0,0,0,0,0
FRE_02tl,0,0,0,0,0
GRO_01dl,0,0,0,0,0
GRO_02dl,0,0,0,0,0
GRO_03dl,0,0,0,0,0
GRO_04dl,0,0,0,0,0
GRO_05dl,0,0,0,0,0
GYE_01tl,0,0,0,0,0
GYE_02tl,0,0,0,0,0
GYE_03tl,0,0,0,0,0
GYE_04tl,0,0,0,0,0
GYE_05tl,0,0,0,0,0
GYE_06tl,0,0,0,0,0
GYE_07tl,0,0,0,0,0
GYE_08tl,0,0,0,0,0
HAB_01tl,0,0,0,0,0
HAB_02tl,0,0,0,0,0
HAB_03tl,0,0,0,0,0
HLY_01dl,0,0,0,0,0
JOH_01tl,0,0,0,0,0
JOH_02tl,0,0,0,0,0
JOH_03tl,0,0,0,0,0
JOH_04tl,0,0,0,0,0
JOH_05tl,0,0,0,0,0
JOH_06tl,0,0,0,0,0
JOH_07tl,0,0,0,0,0
JOH_08tl,0,0,0,0,0
KAG_01tl,0,0,0,0,0
KAG_02tl,0,0,0,0,0
KAG_03tl,0,0,0,0,0
KAR_01dl,0,0,0,0,0
KAR_02dl,0,0,0,0,0
KAR_03dl,0,0,0,0,0
KAR_04dl,0,0,0,0,0
KAR_05dl,0,0,0,0,0
KAR_06dl,0,0,0,0,0
KEH_01tl,0,0,0,0,0
KEH_04tl,0,0,0,0,0
KRK_01tl,0,0,0,0,0
LIC_01tl,0,0,0,0,0
LIC_02tl,0,0,0,0,0
LIC_03tl,0,0,0,0,0
LIC_04tl,0,0,0,0,0
LIC_05tl,0,0,0,0,0
LIC_06tl,0,0,0,0,0
LIC_07tl,0,0,0,0,0
LIC_08tl,0,0,0,0,0
LLA_01dl,0,0,0,0,0
LLB_01dl,0,0,0,0,0
LLC_01tl,0,0,0,0,0
LLD_01tl,0,0,0,0,0
LLE_01dl,0,0,0,0,0
LLF_01tl,0,0,0,0,0
LLG_01tl,0,0,0,0,0
LLH_01dl,0,0,0,0,0
LLI_01dl,0,0,0,0,0
LOI_01tl,0,0,0,0,0
LOI_02tl,0,0,0,0,0
LOI_03tl,0,0,0,0,0
LOM_01dl,0,0,0,0,0
LOM_02dl,0,0,0,0,0
LOM_03dl,0,0,0,0,0
LOM_04dl,0,0,0,0,0
LOM_05dl,0,0,0,0,0
LOM_06dl,0,0,0,0,0
LOM_07dl,0,0,0,0,0
LOM_08dl,0,0,0,0,0
LOM_09dl,0,0,0,0,0
MAL_01dl,0,0,0,0,0
MAL_02dl,0,0,0,0,0
MAL_03dl,0,0,0,0,0
MAL_04dl,0,0,0,0,0
MAU_01tl,0,0,0,0,0
MAU_02tl,0,0,0,0,0
MAU_03tl,0,0,0,0,0
MAY_01dl,0,0,0,0,0
MAY_02dl,0,0,0,0,0
MAY_03dl,0,0,0,0,0
MAY_04dl,0,0,0,0,0
MAY_05dl,0,0,0,0,0
MAY_06dl,0,0,0,0,0
MOD_01tl,0,0,0,0,0
MOD_02tl,0,0,0,0,0
MOD_03tl,0,0,0,0,0
MOD_04tl,0,0,0,0,0
NKM_01dl,0,0,0,0,0
NKM_02dl,0,0,0,0,0
NKM_03dl,0,0,0,0,0
NKM_04dl,0,0,0,0,0
NKM_05dl,0,0,0,0,0
NKM_06dl,0,0,0,0,0
NKM_07dl,0,0,0,0,0
NKM_08dl,0,0,0,0,0
NKM_09dl,0,0,0,0,0
OCH_01tl,0,0,0,0,0
OCH_02tl,0,0,0,0,0
OSL_02dl,0,0,0,0,0
OSL_03dl,0,0,0,0,0
OSL_04dl,0,0,0,0,0
OSL_05dl,0,0,0,0,0
PIL_01tl,0,0,0,0,0
PIL_02tl,0,0,0,0,0
PIL_03tl,0,0,0,0,0
PIN_01dl,0,0,0,0,0
PIZ_02dl,0,0,0,0,0
PIZ_03dl,0,0,0,0,0
PIZ_04dl,0,0,0,0,0
PIZ_05dl,0,0,0,0,0
PIZ_06dl,0,0,0,0,0
PIZ_08dl,0,0,0,0,0
PIZ_09dl,0,0,0,0,0
PIZ_11dl,0,0,0,0,0
PLE_01dl,0,0,0,0,0
PLE_02dl,0,0,0,0,0
PLE_03dl,0,0,0,0,0
PLE_04dl,0,0,0,0,0
PLE_05dl,0,0,0,0,0
PLE_06dl,0,0,0,0,0
PLE_07dl,0,0,0,0,0
PLE_08dl,0,0,0,0,0
PLE_09dl,0,0,0,0,0
PLE_10dl,0,0,0,0,0
PLE_11dl,0,0,0,0,0
POT_01dl,0,0,0,0,0
POT_02dl,0,0,0,0,0
POT_03dl,0,0,0,0,0
POT_04dl,0,0,0,0,0
ROK_01tl,0,0,0,0,0
ROK_02tl,0,0,0,0,0
RON_01dl,0,0,0,0,0
SCB_01tl,0,0,0,0,0
SCB_02tl,0,0,0,0,0
SCT_01tl,0,0,0,0,0
SCT_02tl,0,0,0,0,0
SCT_03tl,0,0,0,0,0
SCT_04tl,0,0,0,0,0
SCT_05tl,0,0,0,0,0
SCT_06tl,0,0,0,0,0
SCT_07tl,0,0,0,0,0
SPN_01dl,0,0,0,0,0
SPN_02dl,0,0,0,0,0
SPN_03dl,0,0,0,0,0
SPN_04dl,0,0,0,0,0
SPN_05dl,0,0,0,0,0
SPN_06dl,0,0,0,0,0
SPN_07dl,0,0,0,0,0
SPN_08dl,0,0,0,0,0
SPN_09dl,0,0,0,0,0
SPN_10dl,0,0,0,0,0
SPN_11dl,0,0,0,0,0
SPN_12dl,0,0,0,0,0
SPN_13dl,0,0,0,0,0
STD_01dl,0,0,0,0,0
STD_02dl,0,0,0,0,0
STD_03dl,0,0,0,0,0
STD_04dl,0,0,0,0,0
STD_05dl,0,0,0,0,0
STD_06dl,0,0,0,0,0
STD_07dl,0,0,0,0,0
STD_08dl,0,0,0,0,0
STO_01dl,0,0,0,0,0
STO_02dl,0,0,0,0,0
STR_01dl,0,0,0,0,0
STR_02dl,0,0,0,0,0
STR_03dl,0,0,0,0,0
STR_04dl,0,0,0,0,0
STR_05dl,0,0,0,0,0
STR_06dl,0,0,0,0,0
STR_07dl,0,0,0,0,0
STR_08dl,0,0,0,0,0
STR_09dl,0,0,0,0,0
STU_01dl,0,0,0,0,0
STU_02dl,0,0,0,0,0
STU_03dl,0,0,0,0,0
STU_04dl,0,0,0,0,0
STU_05dl,0,0,0,0,0
STU_06dl,0,0,0,0,0
SUK_01tl,0,0,0,0,0
SUK_02tl,0,0,0,0,0
SUN_01dl,0,0,0,0,0
SUN_02dl,0,0,0,0,0
SUN_03dl,0,0,0,0,0
SUN_04dl,0,0,0,0,0
SUN_05dl,0,0,0,0,0
SWB_01tl,0,0,0,0,0
SWB_02tl,0,0,0,0,0
TCM_01dl,0,0,0,0,0
TEM_01tl,0,0,0,0,0
TEM_02tl,0,0,0,0,0
TEM_03tl,0,0,0,0,0
TEM_04tl,0,0,0,0,0
TEM_05tl,0,0,0,0,0
TEM_06tl,0,0,0,0,0
TEM_07tl,0,0,0,0,0
TEM_08tl,0,0,0,0,0
VLH_01dl,0,0,0,0,0
VLH_02dl,0,0,0,0,0
VLH_03dl,0,0,0,0,0
VLH_05dl,0,0,0,0,0
VLH_06dl,0,0,0,0,0
VLH_07dl,0,0,0,0,0
VLH_08dl,0,0,0,0,0
VLH_09dl,0,0,0,0,0
VLH_10dl,0,0,0,0,0
VLH_11dl,0,0,0,0,0
VLH_12dl,0,0,0,0,0
DRG_01dh,0,0,0,0,0
DRG_02dh,0,0,0,0,0
DRG_03dh,0,0,0,0,0
DRG_04dh,0,0,0,0,0
DRG_05dh,0,0,0,0,0
DRG_06dh,0,0,0,0,0
DRG_07dh,0,0,0,0,0
DRG_08dh,0,0,0,0,0
GEM_01dh,0,0,0,0,0
GEM_02dh,0,0,0,0,0
GUN_01dh,0,0,0,0,0
GUN_02dh,0,0,0,0,0
GUN_03dh,0,0,0,0,0
GUN_04dh,0,0,0,0,0
GUN_05dh,0,0,0,0,0
GUN_06dh,0,0,0,0,0
GUN_07dh,0,0,0,0,0
GUN_08dh,0,0,0,0,0
GUN_09dh,0,0,0,0,0
GUN_10dh,0,0,0,0,0
GUN_11dh,0,0,0,0,0
GUN_12dh,0,0,0,0,0
GUN_13dh,0,0,0,0,0
GUN_14dh,0,0,0,0,0
GUN_15dh,0,0,0,0,0
GUN_16dh,0,0,0,0,0
GUN_17dh,0,0,0,0,0
GUN_18dh,0,0,0,0,0
GUN_19dh,0,0,0,0,0
GUN_20dh,0,0,0,0,0
GUN_21dh,0,0,0,0,0
GUN_22dh,0,0,0,0,0
GUN_23dh,0,0,0,0,0
HAL_01dh,0,0,0,0,0
HAL_02dh,0,0,0,0,0
HAL_03dh,0,0,0,0,0
HCA_01dh,0,0,0,0,0
HCA_02dh,0,0,0,0,0
HCA_03dh,0,0,0,0,0
HCA_04dh,0,0,0,0,0
HCA_05dh,0,0,0,0,0
HCA_06dh,0,0,0,0,0
HCA_07dh,0,0,0,0,0
HCA_08dh,0,0,0,0,0
HCA_09dh,0,0,0,0,0
HFU_01dh,0,0,0,0,0
HFU_02dh,0,0,0,0,0
HFU_03dh,0,0,0,0,0
HFU_04dh,0,0,0,0,0
HFU_05dh,0,0,0,0,0
HFU_06dh,0,0,0,0,0
HFU_07dh,0,0,0,0,0
HFU_08dh,0,0,0,0,0
HFU_09dh,0,0,0,0,0
HFU_10dh,0,0,0,0,0
HFU_11dh,0,0,0,0,0
HFU_12dh,0,0,0,0,0
HFU_13dh,0,0,0,0,0
HFU_14dh,0,0,0,0,0
HFU_15dh,0,0,0,0,0
HFU_16dh,0,0,0,0,0
HFU_17dh,0,0,0,0,0
HFU_18dh,0,0,0,0,0
HFU_19dh,0,0,0,0,0
HFU_20dh,0,0,0,0,0
HIB_01dh,0,0,0,0,0
HIB_02dh,0,0,0,0,0
HIB_03dh,0,0,0,0,0
HIB_04dh,0,0,0,0,0
HIB_05dh,0,0,0,0,0
HIB_06dh,0,0,0,0,0
HIB_07dh,0,0,0,0,0
HIB_08dh,0,0,0,0,0
HIB_09dh,0,0,0,0,0
HIB_10dh,0,0,0,0,0
HIB_11dh,0,0,0,0,0
HIB_12dh,0,0,0,0,0
HIB_13dh,0,0,0,0,0
HIB_14dh,0,0,0,0,0
HIB_15dh,0,0,0,0,0
HIB_16dh,0,0,0,0,0
HIB_17dh,0,0,0,0,0
HIB_18dh,0,0,0,0,0
HIB_19dh,0,0,0,0,0
HIB_20dh,0,0,0,0,0
HIN_01dh,0,0,0,0,0
HIN_02dh,0,0,0,0,0
HIN_03dh,0,0,0,0,0
HIN_04dh,0,0,0,0,0
HIT_01dh,0,0,0,0,0
HIT_02dh,0,0,0,0,0
HIT_03dh,0,0,0,0,0
HIT_04dh,0,0,0,0,0
HKL_01dh,0,0,0,0,0
HKL_02dh,0,0,0,0,0
HKL_03dh,0,0,0,0,0
HKL_04dh,0,0,0,0,0
HKL_05dh,0,0,0,0,0
HKL_06dh,0,0,0,0,0
HKL_07dh,0,0,0,0,0
HKL_08dh,0,0,0,0,0
HKL_09dh,0,0,0,0,0
HKL_10dh,0,0,0,0,0
HKW_01dh,0,0,0,0,0
HKW_02dh,0,0,0,0,0
HKW_03dh,0,0,0,0,0
HKW_04dh,0,0,0,0,0
HKW_05dh,0,0,0,0,0
HKW_06dh,0,0,0,0,0
HKW_07dh,0,0,0,0,0
HMI_01dh,0,0,0,0,0
HMI_02dh,0,0,0,0,0
HMI_03dh,0,0,0,0,0
HMI_04dh,0,0,0,0,0
HMS_01dh,0,0,0,0,0
HMS_02dh,0,0,0,0,0
HMS_03dh,0,0,0,0,0
HMS_04dh,0,0,0,0,0
HMS_05dh,0,0,0,0,0
HMS_06dh,0,0,0,0,0
HMS_07dh,0,0,0,0,0
HMS_08dh,0,0,0,0,0
HOK_01dh,0,0,0,0,0
HOK_02dh,0,0,0,0,0
HOK_03dh,0,0,0,0,0
HOK_04dh,0,0,0,0,0
HWC_01dh,0,0,0,0,0
HWC_02dh,0,0,0,0,0
HZP_01dh,0,0,0,0,0
HZP_02dh,0,0,0,0,0
HZP_03dh,0,0,0,0,0
HZP_04dh,0,0,0,0,0
HZP_05dh,0,0,0,0,0
HZP_06dh,0,0,0,0,0
HZP_07dh,0,0,0,0,0
HZP_08dh,0,0,0,0,0
HZP_09dh,0,0,0,0,0
OBI_01dh,0,0,0,0,0
OBI_02dh,0,0,0,0,0
OBI_03dh,0,0,0,0,0
OBI_04dh,0,0,0,0,0
OBI_05dh,0,0,0,0,0
OBI_06dh,0,0,0,0,0
OBI_07dh,0,0,0,0,0
OBI_08dh,0,0,0,0,0
OBI_09dh,0,0,0,0,0
OBI_10dh,0,0,0,0,0
CEB_01dc,0,0,0,0,0
CEB_02dc,0,0,0,0,0
PED_01dc,0,0,0,0,0
PED_02dc,0,0,0,0,0
BAB_01da,0,0,0,0,0
BAB_02da,0,0,0,0,0
BAB_03da,0,0,0,0,0
BAB_04da,0,0,0,0,0
BAB_05da,0,0,0,0,0
BAB_06da,0,0,0,0,0
BAB_08da,0,0,0,0,0
BAB_09da,0,0,0,0,0
BAB_10da,0,0,0,0,0
BAB_11da,0,0,0,0,0
BAB_12da,0,0,0,0,0
BAB_13da,0,0,0,0,0
BAL_01ta,0,0,0,1,0
BAL_02ta,0,0,0,1,0
BAL_03ta,0,0,0,1,0
BAL_04ta,0,0,0,1,0
BAL_05ta,0,0,0,1,0
BAL_06ta,0,0,0,1,0
BAL_07ta,0,0,0,1,0
BAL_08ta,0,0,0,1,0
BDO_01da,1,0,0,0,0
BDO_02da,1,0,0,0,0
BDO_03da,1,0,0,0,0
BDO_04da,1,0,0,0,0
BDO_05da,1,0,0,0,0
BDO_06da,1,0,0,0,0
BDO_07da,1,0,0,0,0
BDO_08da,1,0,0,0,0
BEL_01da,0,0,0,0,0
BEL_02da,0,0,0,0,0
BEL_03da,0,0,0,0,0
BEL_04da,0,0,0,0,0
BEL_05da,0,0,0,0,0
BEL_06da,0,0,0,0,0
BEL_07da,0,0,0,0,0
BEL_08da,0,0,0,0,0
BGS_01ta,0,0,0,0,0
BGS_02ta,0,0,0,0,0
BGS_03ta,0,0,0,0,0
BGS_04ta,0,0,0,0,0
BGS_05ta,0,0,0,0,0
BGS_06ta,0,0,0,0,0
BGS_07ta,0,0,0,0,0
BGS_08ta,0,0,0,0,0
BIH_01da,0,0,0,0,0
BIH_02da,0,0,0,0,0
BIH_03da,0,0,0,0,0
BIH_04da,0,0,0,0,0
BIH_05da,0,0,0,0,0
BIH_06da,0,0,0,0,0
BIH_07da,0,0,0,0,0
BIH_08da,0,0,0,0,0
BOR_01ta,0,0,0,0,0
BOR_02ta,0,0,0,0,0
BOR_03ta,0,0,0,0,0
BOR_04ta,0,0,0,0,0
BOR_05ta,0,0,0,0,0
BOR_06ta,0,0,0,0,0
BOR_07ta,0,0,0,0,0
BOR_08ta,0,0,0,0,0
BRD_01ta,0,0,0,0,0
BRD_02ta,0,0,0,0,0
BRD_03ta,0,0,0,0,0
BRD_04ta,0,0,0,0,0
BRD_05ta,0,0,0,0,0
BUD_01da,0,0,0,0,0
BUD_02da,0,0,0,0,0
BUD_03da,0,0,0,0,0
BUD_04da,0,0,0,0,0
BUD_05da,0,0,0,0,0
BUD_06da,0,0,0,0,0
BUD_07da,0,0,0,0,0
BUD_08da,0,0,0,0,0
BUR_01ta,0,0,0,0,0
BUT_01ta,0,0,0,0,0
BUT_02ta,0,0,0,0,0
BUT_03ta,0,0,0,0,0
BUT_04ta,0,0,0,0,0
BUT_05ta,0,0,0,0,0
BUT_06ta,0,0,0,0,0
BUT_07ta,0,0,0,0,0
BUT_08ta,0,0,0,0,0
CAR_01ta,0,0,0,0,0
CAR_02ta,0,0,0,0,0
CAR_03ta,0,0,0,0,0
CAR_04ta,0,0,0,0,0
CAR_05ta,0,0,0,0,0
CAR_06ta,0,0,0,0,0
CAR_07ta,0,0,0,0,0
CAR_08ta,0,0,0,0,0
CHO_01ta,0,0,0,0,0
CHO_02ta,0,0,0,0,0
CHO_03ta,0,0,0,0,0
CHO_04ta,0,0,0,0,0
CHO_05ta,0,0,0,0,0
CHO_06ta,0,0,0,0,0
CHO_07ta,0,0,0,0,0
CHO_08ta,0,0,0,0,0
CVH_01da,0,0,0,0,0
DON_01da,0,0,0,0,0
DRA_01ta,0,0,0,0,0
DRA_02ta,0,0,0,0,0
DRA_03ta,0,0,0,0,0
DRA_04ta,0,0,0,0,0
DRA_05ta,0,0,0,0,0
DRA_06ta,0,0,0,0,0
DRA_07ta,0,0,0,0,0
DRA_08ta,0,0,0,0,0
DUM_01ta,0,0,0,0,0
EIS_01ta,0,0,0,0,0
FOJ_01da,0,0,0,0,0
FOJ_02da,0,0,0,0,0
FOJ_03da,0,0,0,0,0
FOJ_04da,0,0,0,0,0
FOJ_05da,0,0,0,0,0
FOJ_06da,0,0,0,0,0
FOJ_07da,0,0,0,0,0
FOJ_08da,0,0,0,0,0
FUG_01ta,0,0,0,0,0
FUG_02ta,0,0,0,0,0
FUG_03ta,0,0,0,0,0
FUG_04ta,0,0,0,0,0
FUG_05ta,0,0,0,0,0
FUG_06ta,0,0,0,0,0
FUG_07ta,0,0,0,0,0
FUG_08ta,0,0,0,0,0
GOR_01da,0,0,0,0,0
GOR_02da,0,0,0,0,0
GOR_03da,0,0,0,0,0
GOR_04da,0,0,0,0,0
GOR_05da,0,0,0,0,0
GOR_06da,0,0,0,0,0
GOR_07da,0,0,0,0,0
GOR_08da,0,0,0,0,0
GUL_01ta,0,0,0,0,0
GUL_02ta,0,0,0,0,0
GUL_03ta,0,0,0,0,0
GUL_04ta,0,0,0,0,0
GUL_05ta,0,0,0,0,0
GUL_06ta,0,0,0,0,0
GUL_07ta,0,0,0,0,0
GUL_08ta,0,0,0,0,0
GUL_09ta,0,0,0,0,0
GUL_10ta,0,0,0,0,0
GUL_11ta,0,0,0,0,0
GUL_12ta,0,0,0,0,0
GUL_13ta,0,0,0,0,0
GUL_14ta,0,0,0,0,0
GUL_15ta,0,0,0,0,0
GUL_16ta,0,0,0,0,0
GUL_17ta,0,0,0,0,0
GUL_18ta,0,0,0,0,0
GUL_19ta,0,0,0,0,0
HAR_01ta,0,0,0,0,0
HAR_02ta,0,0,0,0,0
HLI_01da,0,0,0,0,0
HLI_02da,0,0,0,0,0
HMC_01da,0,0,0,0,0
HMC_02da,0,0,0,0,0
HMC_03da,0,0,0,0,0
HMC_04da,0,0,0,0,0
HNE_01da,0,0,0,0,0
HNE_02da,0,0,0,0,0
HNE_03da,0,0,0,0,0
HNE_04da,0,0,0,0,0
HNE_05da,0,0,0,0,0
HNE_06da,0,0,0,0,0
HNE_07da,0,0,0,0,0
HNI_01da,0,0,0,0,0
HNI_02da,0,0,0,0,0
HNI_03da,0,0,0,0,0
HNI_04da,0,0,0,0,0
HOC_01ta,0,0,0,0,0
HOC_02ta,0,0,0,0,0
HOC_03ta,0,0,0,0,0
HOC_04ta,0,0,0,0,0
HOC_05ta,0,0,0,0,0
HOC_06ta,0,0,0,0,0
HOC_07ta,0,0,0,0,0
HOC_08ta,0,0,0,0,0
HRA_01ta,0,0,0,0,0
HRA_02ta,0,0,0,0,0
HRA_03ta,0,0,0,0,0
HRA_04ta,0,0,0,0,0
HRA_05ta,0,0,0,0,0
HRA_06ta,0,0,0,0,0
HRA_07ta,0,0,0,0,0
HRA_08ta,0,0,0,0,0
HRA_09ta,0,0,0,0,0
HRA_10ta,0,0,0,0,0
HRA_11ta,0,0,0,0,0
HRA_12ta,0,0,0,0,0
HRA_13ta,0,0,0,0,0
HRC_01ta,0,0,0,0,0
HRN_01ta,0,0,0,0,0
HRN_02ta,0,0,0,0,0
HRN_03ta,0,0,0,0,0
HRN_04ta,0,0,0,0,0
HRN_05ta,0,0,0,0,0
HRN_06ta,0,0,0,0,0
INE_01ta,0,0,0,0,0
INE_02ta,0,0,0,0,0
INE_03ta,0,0,0,0,0
INE_04ta,0,0,0,0,0
INE_05ta,0,0,0,0,0
INE_06ta,0,0,0,0,0
INE_08ta,0,0,0,0,0
ING_01ta,0,0,0,0,0
ING_02ta,0,0,0,0,0
ING_03ta,0,0,0,0,0
ING_04ta,0,0,0,0,0
ING_05ta,0,0,0,0,0
ING_06ta,0,0,0,0,0
ING_07ta,0,0,0,0,0
ING_08ta,0,0,0,0,0
JVR_01da,0,0,0,0,0
JZC_01da,0,0,0,0,0
KAM_01ta,0,0,0,0,0
KAM_02ta,0,0,0,0,0
KAM_03ta,0,0,0,0,0
KAM_04ta,0,0,0,0,0
KAM_05ta,0,0,0,0,0
KAM_06ta,0,0,0,0,0
KAM_07ta,0,0,0,0,0
KAM_08ta,0,0,0,0,0
KAS_01ta,0,0,0,0,0
KAS_02ta,0,0,0,0,0
KAS_03ta,0,0,0,0,0
KAS_04ta,0,0,0,0,0
KAS_05ta,0,0,0,0,0
KAS_06ta,0,0,0,0,0
KAS_07ta,0,0,0,0,0
KAS_08ta,0,0,0,0,0
KEK_01da,0,0,0,0,0
KLE_01ta,0,0,0,0,0
KLE_02ta,0,0,0,0,0
KLE_03ta,0,0,0,0,0
KLE_04ta,0,0,0,0,0
KLE_05ta,0,0,0,0,0
KLE_06ta,0,0,0,0,0
KLE_07ta,0,0,0,0,0
KLE_08ta,0,0,0,0,0
KLE_09ta,0,0,0,0,0
KOS_01ta,0,0,0,0,0
KOS_02ta,0,0,0,0,0
KOS_03ta,0,0,0,0,0
KOS_04ta,0,0,0,0,0
KOS_05ta,0,0,0,0,0
KOS_06ta,0,0,0,0,0
KOS_07ta,0,0,0,0,0
KOW_01ta,0,0,0,0,0
KOW_02ta,0,0,0,0,0
KOW_03ta,0,0,0,0,0
KOW_04ta,0,0,0,0,0
KOW_05ta,0,0,0,0,0
KOW_06ta,0,0,0,0,0
KOW_07ta,0,0,0,0,0
KOW_08ta,0,0,0,0,0
KPS_01da,0,0,0,0,0
KPS_02da,0,0,0,0,0
KPS_03da,0,0,0,0,0
KPT_01ta,0,0,0,0,0
KRM_01da,0,0,0,0,0
KRM_02da,0,0,0,0,0
KRM_03da,0,0,0,0,0
KRM_04da,0,0,0,0,0
KRM_05da,0,0,0,0,0
KRM_06da,0,0,0,0,0
KRM_07da,0,0,0,0,0
KRM_08da,0,0,0,0,0
KZL_01da,0,0,0,0,0
KZL_02da,0,0,0,0,0
KZL_03da,0,0,0,0,0
KZL_04da,0,0,0,0,0
KZL_05da,0,0,0,0,0
LAC_01ta,0,0,0,0,0
LAC_02ta,0,0,0,0,0
LAC_03ta,0,0,0,0,0
LAC_04ta,0,0,0,0,0
LAC_05ta,0,0,0,0,0
LAC_06ta,0,0,0,0,0
LAC_07ta,0,0,0,0,0
LAC_08ta,0,0,0,0,0
LTW_01ta,0,0,0,0,0
LUB_01ta,0,0,0,0,0
MAR_01ta,0,0,0,0,0
MIA_01ta,0,0,0,0,0
MIA_02ta,0,0,0,0,0
MIA_03ta,0,0,0,0,0
MIA_04ta,0,0,0,0,0
MIA_05ta,0,0,0,0,0
MIA_06ta,0,0,0,0,0
MIA_07ta,0,0,0,0,0
MIA_08ta,0,0,0,0,0
MIA_09ta,0,0,0,0,0
MIE_02da,0,0,0,0,0
MIE_03da,0,0,0,0,0
MIE_04da,0,0,0,0,0
MIE_05da,0,0,0,0,0
MIE_06da,0,0,0,0,0
MIE_07da,0,0,0,0,0
MIE_08da,0,0,0,0,0
MIE_09da,0,0,0,0,0
MIE_10da,0,0,0,0,0
MIE_11da,0,0,0,0,0
OPP_01ta,0,0,0,0,0
OPP_02ta,0,0,0,0,0
OPP_03ta,0,0,0,0,0
OPP_04ta,0,0,0,0,0
OPP_05ta,0,0,0,0,0
OPP_06ta,0,0,0,0,0
OPP_07ta,0,0,0,0,0
OPP_08ta,0,0,0,0,0
OSO_01da,0,0,0,0,0
PAD_01da,0,0,0,0,0
PAD_02da,0,0,0,0,0
PAD_03da,0,0,0,0,0
PAD_04da,0,0,0,0,0
PAD_05da,0,0,0,0,0
PAD_06da,0,0,0,0,0
PAD_07da,0,0,0,0,0
PAD_08da,0,0,0,0,0
PAD_09da,0,0,0,0,0
PAR_01ta,0,0,0,0,0
PAT_01ta,0,0,0,0,0
PAT_02ta,0,0,0,0,0
PAT_03ta,0,0,0,0,0
PAT_04ta,0,0,0,0,0
PAT_05ta,0,0,0,0,0
PAT_06ta,0,0,0,0,0
PAT_07ta,0,0,0,0,0
PER_01ta,0,0,0,0,0
PER_02ta,0,0,0,0,0
PER_03ta,0,0,0,0,0
PER_04ta,0,0,0,0,0
PER_05ta,0,0,0,0,0
PER_06ta,0,0,0,0,0
PER_07ta,0,0,0,0,0
PER_08ta,0,0,0,0,0
PHD_01da,0,0,0,0,0
PHD_02da,0,0,0,0,0
PHD_03da,0,0,0,0,0
PHD_04da,0,0,0,0,0
PHD_05da,0,0,0,0,0
PHD_06da,0,0,0,0,0
PHD_07da,0,0,0,0,0
PHD_08da,0,0,0,0,0
PHT_01ta,0,0,0,0,0
PHT_02ta,0,0,0,0,0
PHT_03ta,0,0,0,0,0
PHT_04ta,0,0,0,0,0
PHT_05ta,0,0,0,0,0
PHT_06ta,0,0,0,0,0
PHT_07ta,0,0,0,0,0
PHT_08ta,0,0,0,0,0
PLJ_01da,0,0,0,0,0
PRE_01da,0,0,0,0,0
PRE_02da,0,0,0,0,0
PRE_03da,0,0,0,0,0
PRE_04da,0,0,0,0,0
PRE_05da,0,0,0,0,0
PRE_06da,0,0,0,0,0
PRE_07da,0,0,0,0,0
PRE_08da,0,0,0,0,0
PUP_01da,0,0,0,0,0
PVO_01ta,0,0,0,0,0
RFT_01ta,0,0,0,0,0
RFT_02ta,0,0,0,0,0
RFT_03ta,0,0,0,0,0
RFT_04ta,0,0,0,0,0
RFT_05ta,0,0,0,0,0
RFT_06ta,0,0,0,0,0
RFT_07ta,0,0,0,0,0
RFT_08ta,0,0,0,0,0
RFT_09ta,0,0,0,0,0
RFT_10ta,0,0,0,0,0
RFT_11ta,0,0,0,0,0
RZA_01da,0,0,0,0,0
RZA_02da,0,0,0,0,0
RZA_03da,0,0,0,0,0
RZA_04da,0,0,0,0,0
RZA_05da,0,0,0,0,0
RZA_06da,0,0,0,0,0
RZA_07da,0,0,0,0,0
RZA_08da,0,0,0,0,0
RZA_09da,0,0,0,0,0
SCH_01ta,0,0,0,0,0
SCH_02ta,0,0,0,0,0
SCH_03ta,0,0,0,0,0
SCH_04ta,0,0,0,0,0
SCH_05ta,0,0,0,0,0
SCH_06ta,0,0,0,0,0
SCH_07ta,0,0,0,0,0
SNO_01da,0,0,0,0,0
SNO_02da,0,0,0,0,0
SNO_03da,0,0,0,0,0
SNO_04da,0,0,0,0,0
SNO_05da,0,0,0,0,0
SNO_06da,0,0,0,0,0
SPI_01ta,0,0,0,0,0
SPI_02ta,0,0,0,0,0
SPI_03ta,0,0,0,0,0
SPI_04ta,0,0,0,0,0
SPI_05ta,0,0,0,0,0
SPI_06ta,0,0,0,0,0
SPI_07ta,0,0,0,0,0
SPI_08ta,0,0,0,0,0
SPI_09ta,0,0,0,0,0
SPI_10ta,0,0,0,0,0
SPI_11ta,0,0,0,0,0
SPI_12ta,0,0,0,0,0
SPI_13ta,0,0,0,0,0
SRL_01ta,0,0,0,0,0
SSP_01da,0,0,0,0,0
STE_01ta,0,0,0,0,0
STE_02ta,0,0,0,0,0
STE_03ta,0,0,0,0,0
STE_04ta,0,0,0,0,0
STE_05ta,0,0,0,0,0
STE_06ta,0,0,0,0,0
STE_07ta,0,0,0,0,0
STE_08ta,0,0,0,0,0
STG_01ta,0,0,0,0,0
STG_02ta,0,0,0,0,0
STG_03ta,0,0,0,0,0
STG_04ta,0,0,0,0,0
STG_05ta,0,0,0,0,0
STG_06ta,0,0,0,0,0
STG_07ta,0,0,0,0,0
STG_08ta,0,0,0,0,0
SUB_02da,0,0,1,0,0
SUB_03da,0,0,1,0,0
SUB_04da,0,0,1,0,0
SUB_05da,0,0,1,0,0
SUB_06da,0,0,1,0,0
SUB_07da,0,0,1,0,0
SUB_08da,0,0,1,0,0
SUB_10da,0,0,1,0,0
SUB_11da,0,0,0,0,0
SUB_12da,0,0,0,0,0
SUB_13da,0,0,0,0,0
SUB_14da,0,0,0,0,0
SUB_15da,0,0,0,0,0
SUB_16da,0,0,0,0,0
SUB_17da,0,0,0,0,0
SUB_18da,0,0,0,0,0
SWA_01ta,0,0,0,0,0
SWA_02ta,0,0,0,0,0
SWA_03ta,0,0,0,0,0
SWA_04ta,0,0,0,0,0
SWA_05ta,0,0,0,0,0
SWA_06ta,0,0,0,0,0
SWA_07ta,0,0,0,0,0
SWA_08ta,0,0,0,0,0
SWA_09ta,0,0,0,0,0
SWA_10ta,0,0,0,0,0
SWD_01da,0,0,0,0,0
SWD_02da,0,0,0,0,0
SWD_03da,0,0,0,0,0
SWD_04da,0,0,0,0,0
SWD_05da,0,0,0,0,0
SWJ_01ta,0,0,0,0,0
SWJ_02ta,0,0,0,0,0
SWJ_03ta,0,0,0,0,0
SZI_01da,0,0,0,0,0
SZI_02da,0,0,0,0,0
SZI_03da,0,0,0,0,0
SZI_04da,0,0,0,0,0
SZI_05da,0,0,0,0,0
TBG_01ta,0,0,0,0,0
TBG_02ta,0,0,0,0,0
TBG_03ta,0,0,0,0,0
TBG_04ta,0,0,0,0,0
TBG_05ta,0,0,0,0,0
TBG_06ta,0,0,0,0,0
TIS_01ta,0,0,0,0,1
TIS_02ta,0,0,0,0,1
TIS_03ta,0,0,0,0,1
TIS_04ta,0,0,0,0,1
TIS_05ta,0,0,0,0,1
TIS_06ta,0,0,0,0,1
TIS_07ta,0,0,0,0,1
TIS_08ta,0,0,0,0,1
TKO_01ta,0,0,0,0,0
TKO_02ta,0,0,0,0,0
TKO_03ta,0,0,0,0,0
TKO_04ta,0,0,0,0,0
TKO_05ta,0,0,0,0,0
TKO_06ta,0,0,0,0,0
TKO_07ta,0,0,0,0,0
TKO_08ta,0,0,0,0,0
TRA_01ta,0,0,0,0,0
TRD_02da,0,0,0,0,0
TRD_03da,0,0,0,0,0
TRD_04da,0,0,0,0,0
TRD_05da,0,0,0,0,0
TRD_06da,0,0,0,0,0
TRE_01ta,0,0,0,0,0
TRE_02ta,0,0,0,0,0
TRE_03ta,0,0,0,0,0
TRE_04ta,0,0,0,0,0
TRE_05ta,0,0,0,0,0
TRE_06ta,0,0,0,0,0
TRE_07ta,0,0,0,0,0
TRE_08ta,0,0,0,0,0
TRT_01ta,0,0,0,0,0
TRT_02ta,0,0,0,0,0
TRT_03ta,0,0,0,0,0
TRT_04ta,0,0,0,0,0
TRT_05ta,0,0,0,0,0
TRT_06ta,0,0,0,0,0
TRT_07ta,0,0,0,0,0
TRT_08ta,0,0,0,0,0
TRT_09ta,0,0,0,0,0
TZI_01ta,0,0,0,0,0
TZI_02ta,0,0,0,0,0
TZI_03ta,0,0,0,0,0
TZI_04ta,0,0,0,0,0
TZI_05ta,0,0,0,0,0
TZI_06ta,0,0,0,0,0
TZI_07ta,0,0,0,0,0
TZI_08ta,0,0,0,0,0
TZI_09ta,0,0,0,0,0
TZI_10ta,0,0,0,0,0
UBA_01ta,0,0,0,0,0
UFA_01ta,0,0,0,0,0
UFR_01ta,0,0,0,0,0
VEL_01da,0,1,0,0,0
VEL_02da,0,1,0,0,0
VEL_03da,0,1,0,0,0
VEL_04da,0,1,0,0,0
VEL_05da,0,1,0,0,0
VEL_06da,0,1,0,0,0
VEL_07da,0,1,0,0,0
VEL_08da,0,1,0,0,0
VEL_09da,0,1,0,0,0
VID_01da,0,0,0,0,0
VID_02da,0,0,0,0,0
VID_03da,0,0,0,0,0
VID_04da,0,0,0,0,0
VID_05da,0,0,0,0,0
VID_06da,0,0,0,0,0
VID_07da,0,0,0,0,0
VID_08da,0,0,0,0,0
VLA_01ta,0,0,0,0,0
VLA_02ta,0,0,0,0,0
VLA_03ta,0,0,0,0,0
VLA_04ta,0,0,0,0,0
VLA_05ta,0,0,0,0,0
VLA_06ta,0,0,0,0,0
VLA_07ta,0,0,0,0,0
VLA_08ta,0,0,0,0,0
VOR_01ta,0,0,0,0,0
VOR_02ta,0,0,0,0,0
VOR_03ta,0,0,0,0,0
VOR_04ta,0,0,0,0,0
VOR_05ta,0,0,0,0,0
VOR_06ta,0,0,0,0,0
VOR_07ta,0,0,0,0,0
VOR_08ta,0,0,0,0,0
VSD_01da,0,0,0,0,0
VTA_01ta,0,0,0,0,0
VYR_01ta,0,0,0,0,0
VYR_02ta,0,0,0,0,0
VYR_03ta,0,0,0,0,0
VYR_04ta,0,0,0,0,0
VYR_05ta,0,0,0,0,0
VYR_06ta,0,0,0,0,0
VYR_07ta,0,0,0,0,0
VYR_08ta,0,0,0,0,0
WEK_01ta,0,0,0,0,0
WEK_02ta,0,0,0,0,0
WEK_03ta,0,0,0,0,0
WEK_04ta,0,0,0,0,0
WEK_05ta,0,0,0,0,0
WEK_06ta,0,0,0,0,0
WEK_07ta,0,0,0,0,0
WEK_08ta,0,0,0,0,0
WIL_01ta,0,0,0,0,0
WIL_02ta,0,0,0,0,0
WIL_03ta,0,0,0,0,0
WIL_04ta,0,0,0,0,0
WIL_05ta,0,0,0,0,0
WIL_06ta,0,0,0,0,0
WIL_07ta,0,0,0,0,0
WIL_08ta,0,0,0,0,0
WMH_01ta,0,0,0,0,0
WUL_01ta,0,0,0,0,0
WUL_02ta,0,0,0,0,0
WUL_03ta,0,0,0,0,0
WUL_04ta,0,0,0,0,0
WUL_05ta,0,0,0,0,0
WUL_06ta,0,0,0,0,0
WUL_07ta,0,0,0,0,0
WUL_08ta,0,0,0,0,0
ZAP_01ta,0,0,0,0,0
ZAP_02ta,0,0,0,0,0
ZAP_03ta,0,0,0,0,0
ZAP_04ta,0,0,0,0,0
ZAP_05ta,0,0,0,0,0
ZAP_06ta,0,0,0,0,0
ZAP_07ta,0,0,0,0,0
ZAP_08ta,0,0,0,0,0
ZEP_01da,0,0,0,0,0
ZEP_02da,0,0,0,0,0
ZEP_03da,0,0,0,0,0
ZEP_04da,0,0,0,0,0
ZEP_05da,0,0,0,0,0
ZEP_06da,0,0,0,0,0
ZEP_07da,0,0,0,0,0
ZEP_08da,0,0,0,0,0
ZEP_09da,0,0,0,0,0
ZEP_10da,0,0,0,0,0
ZEP_11da,0,0,0,0,0
ZEP_12da,0,0,0,0,0
ZEP_13da,0,0,0,0,0
ZID_1da,0,0,0,0,0
ZID_2da,0,0,0,0,0
ZID_3da,0,0,0,0,0
ZID_4da,0,0,0,0,0
ZID_5da,0,0,0,0,0
ZID_6da,0,0,0,0,0
ZID_7da,0,0,0,0,0
ZID_8da,0,0,0,0,0
ZIT_1ta,0,0,0,0,0
ZIT_2ta,0,0,0,0,0
ZIT_3ta,0,0,0,0,0
ZIT_4ta,0,0,0,0,0
ZIT_5ta,0,0,0,0,0
ZIT_6ta,0,0,0,0,0
ZIT_7ta,0,0,0,0,0
ZIT_8ta,0,0,0,0,0
